{
  "model_name": "original_fraud_detector_20260402_141713",
  "model_type": "Deep Isolation Forest + LightGBM (Original)",
  "dataset": {
    "source": "financial_balanced_300k.csv (SMOTE from financial.csv)",
    "total_samples": 300000,
    "train_size": 240000,
    "test_size": 60000
  },
  "test_metrics": {
    "overall_metrics": {
      "precision": 0.5043666666666666,
      "recall": 0.5043666666666666,
      "f1_score": 0.5043666666666666,
      "pr_auc": 0.5015726770467657,
      "roc_auc": 0.5043671672222222,
      "accuracy": 0.5043666666666666
    },
    "confusion_matrix": {
      "true_negatives": 15131,
      "false_positives": 14869,
      "false_negatives": 14869,
      "true_positives": 15131
    },
    "risk_analysis": {
      "risk_distribution": {
        "high": 29999,
        "low": 29996,
        "medium": 5
      },
      "fraud_by_risk_level": {
        "low": {
          "count": 29996,
          "fraud_count": 14867,
          "fraud_rate": 0.49563275103347115,
          "percentage_of_total": 49.99333333333333
        },
        "medium": {
          "count": 5,
          "fraud_count": 2,
          "fraud_rate": 0.4,
          "percentage_of_total": 0.008333333333333333
        },
        "high": {
          "count": 29999,
          "fraud_count": 15131,
          "fraud_rate": 0.5043834794493149,
          "percentage_of_total": 49.998333333333335
        }
      }
    },
    "component_performance": {
      "anomaly_detector": {
        "component_status": "fitted",
        "feature_count": 50
      },
      "classifier": {
        "component_status": "fitted",
        "model_type": "LightGBM",
        "training_history": {
          "n_train_samples": 192000,
          "n_features": 51,
          "fraud_rate_train": 0.5,
          "best_iteration": 25,
          "n_estimators_used": 25,
          "scale_pos_weight": 1.0,
          "train_auc": 0.9999999860568577,
          "train_precision": 0.9999791655815407,
          "train_recall": 0.9999270833333334,
          "train_f1": 0.999953123779265,
          "n_val_samples": 48000,
          "fraud_rate_val": 0.5,
          "val_auc": 1.0,
          "val_precision": 1.0,
          "val_recall": 0.999875,
          "val_f1": 0.9999374960935058,
          "best_scores": {
            "train": {
              "auc": 0.9999999860568577
            },
            "valid": {
              "auc": 1.0
            }
          }
        }
      },
      "risk_scorer": {
        "component_status": "fitted",
        "threshold_config": {
          "low_risk": 0.3,
          "high_risk": 0.7
        },
        "risk_distribution": {
          "high": 29999,
          "low": 29996,
          "medium": 5
        }
      }
    },
    "business_metrics": {
      "fraud_detection_rate": 0.5043666666666666,
      "false_positive_rate": 0.4956333333333333,
      "customer_friction_rate": 0.5,
      "precision_at_high_risk": 0.5043834794493149
    }
  },
  "timestamp": "2026-04-02T14:17:13.261693"
}